<?xml version="1.0"?>
<doc>
    <assembly>
        <name>EntekhabWebApi</name>
    </assembly>
    <members>
        <member name="M:MyApi.Controllers.v1.UsersController.Token(MyApi.Models.TokenRequest,System.Threading.CancellationToken)">
            <summary>
            This method generate JWT Token
            </summary>
            <param name="tokenRequest">The information of token request</param>
            <param name="cancellationToken"></param>
            <returns></returns>
        </member>
    </members>
</doc>
